id,snowball_type,tier,year,authors,title,doi,source_surveys,source_articles,in_corpus,corpus_rank,corpus_decision,priority,decision_snowball,notes,abstract,tri1,tri2,rank
SV-01,survey,1,2021,"Chen, Jiménez-Ruiz, Horrocks, Antonyrajah",Augmenting Ontology Alignment by Semantic Embedding and Distant Supervision,10.1007/978-3-030-77385-4_23,Cotovio_2023,,non,,,,,REVISE I4: LogMap/AML (reasoneurs symboliques actifs) + Siamese NN + embeddings. Comparable a BERTMap rank286. Q1=1 Q2=1 Q3=1 Q4=0.5 Q5=1 Q6=0.5 Total=4.5 pass=oui. OAEI + HeLiS/FoodOn.,"Ontology alignment plays a critical role in knowledge integration and has been widely investigated in the past decades. State of the art systems, however, still have considerable room for performance improvement especially in dealing with new (industrial) alignment tasks. In this paper we present a machine learning based extension to traditional ontology alignment systems, using distant supervision for training, ontology embedding and Siamese Neural Networks for incorporating richer semantics. We have used the extension together with traditional systems such as LogMap and AML to align two food ontologies, HeLiS and FoodOn, and we found that the extension recalls many additional valid mappings and also avoids some false positive mappings. This is also verified by an evaluation on alignment tasks from the OAEI conference track.",inclus,inclus,SV01
SV-02,survey,1,2020,"Sun, Wang, Hu, Chen, Dai, Zhang, Qu",Knowledge Graph Alignment Network with Gated Multi-Hop Neighborhood Aggregation,10.1609/aaai.v34i01.5354,Cotovio_2023,,non,,,,,I4 echoue: AliNet = GNN pur (attention + gating mechanism). Pas de raisonnement symbolique actif. Ontologie non utilisee.,"Graph neural networks (GNNs) have emerged as a powerful paradigm for embedding-based entity alignment due to their capability of identifying isomorphic subgraphs. However, in real knowledge graphs (KGs), the counterpart entities usually have non-isomorphic neighborhood structures, which easily causes GNNs to yield different representations for them. To tackle this problem, we propose a new KG alignment network, namely AliNet, aiming at mitigating the non-isomorphism of neighborhood structures in an end-to-end manner. As the direct neighbors of counterpart entities are usually dissimilar due to the schema heterogeneity, AliNet introduces distant neighbors to expand the overlap between their neighborhood structures. It employs an attention mechanism to highlight helpful distant neighbors and reduce noises. Then, it controls the aggregation of both direct and distant neighborhood information using a gating mechanism. We further propose a relation loss to refine entity representations. We perform thorough experiments with detailed ablation studies and analyses on five entity alignment datasets, demonstrating the effectiveness of AliNet.",inclus,exclu_I4,
SV-03,survey,1,2021,"Trojahn, Vieira, Schmidt, Pease",Foundational Ontologies Meet Ontology Matching: A Survey,10.3233/sw-210447,Portisch_2025,,non,,,,,,"Ontology matching is a research area aimed at finding ways to make different ontologies interoperable. Solutions to the problem have been proposed from different disciplines, including databases, natural language processing, and machine learning. The role of foundational ontologies for ontology matching is an important one, as they provide a well-founded reference model that can be shared across domains. It is multifaceted and with room for development. This paper presents an overview of the different tasks involved in ontology matching that consider foundational ontologies. We discuss the strengths and weaknesses of existing proposals and highlight the challenges to be addressed in the future.",exclu_E5_survey,,
SV-04,survey,1,2020,"Riegel, Gray, Luus, Khan, Makondo, Akhalwaya, Qian, Fagin, Barahona, Sharma, Ikbal, Karanam, Neelam, Likhyani, Srivastava",Logical Neural Networks,10.48550/arxiv.2006.13155,Cotovio_2023,,oui,132; 389,exclude,,,,"We propose a novel framework seamlessly providing key properties of both neural nets (learning) and symbolic logic (knowledge and reasoning). Every neuron has a meaning as a component of a formula in a weighted real-valued logic, yielding a highly intepretable disentangled representation. Inference is omnidirectional rather than focused on predefined target variables, and corresponds to logical reasoning, including classical first-order logic theorem proving as a special case. The model is end-to-end differentiable, and learning minimizes a novel loss function capturing logical contradiction, yielding resilience to inconsistent knowledge. It also enables the open-world assumption by maintaining bounds on truth values which can have probabilistic semantics, yielding resilience to incomplete knowledge.",exclu_E1_pas_tache_matching,,
SV-05,survey,1,2021,"Zhang, Chen, Zhang, Ke, Ding","Neural, Symbolic and Neural-Symbolic Reasoning on Knowledge Graphs",10.1016/j.aiopen.2021.03.001,Cheng_2024,,non,,,,,= BT-17,"Knowledge graph reasoning is the fundamental component to support machine learning applications such as information extraction, information retrieval, and recommendation. Since knowledge graphs can be viewed as the discrete symbolic representations of knowledge, reasoning on knowledge graphs can naturally leverage the symbolic techniques. However, symbolic reasoning is intolerant of the ambiguous and noisy data. On the contrary, the recent advances of deep learning have promoted neural reasoning on knowledge graphs, which is robust to the ambiguous and noisy data, but lacks interpretability compared to symbolic reasoning. Considering the advantages and disadvantages of both methodologies, recent efforts have been made on combining the two reasoning methods. In this survey, we take a thorough look at the development of the symbolic, neural and hybrid reasoning on knowledge graphs. We survey two specific reasoning tasks — knowledge graph completion and question answering on knowledge graphs, and explain them in a unified reasoning framework. We also briefly discuss the future directions for knowledge graph reasoning.",exclu_E5_survey,,
SV-06,survey,1,2022,"Kaoudi, Martinez Lorenzo, Markl",Towards Loosely-Coupling Knowledge Graph Embeddings and Ontology-based Reasoning,,DeLong_2025,,non,,,,,= BT-05,"Knowledge graph completion (a.k.a.~link prediction), i.e.,~the task of inferring missing information from knowledge graphs, is a widely used task in many applications, such as product recommendation and question answering. The state-of-the-art approaches of knowledge graph embeddings and/or rule mining and reasoning are data-driven and, thus, solely based on the information the input knowledge graph contains. This leads to unsatisfactory prediction results which make such solutions inapplicable to crucial domains such as healthcare. To further enhance the accuracy of knowledge graph completion we propose to loosely-couple the data-driven power of knowledge graph embeddings with domain-specific reasoning stemming from experts or entailment regimes (e.g., OWL2). In this way, we not only enhance the prediction accuracy with domain knowledge that may not be included in the input knowledge graph but also allow users to plugin their own knowledge graph embedding and reasoning method. Our initial results show that we enhance the MRR accuracy of vanilla knowledge graph embeddings by up to 3x and outperform hybrid solutions that combine knowledge graph embeddings with rule mining and reasoning up to 3.5x MRR.",exclu_E1_KG_completion,,
SV-07,survey,1,2021,"Nitisha Jain, Trung-Kien Tran, Mohamed H. Gad-Elrab, Daria Stepanova",Improving Knowledge Graph Embeddings with Ontological Reasoning,10.1007/978-3-030-88361-4_24,DeLong_2025,,non,,,,,,"Knowledge graph (KG) embedding models have emerged as powerful means for KG completion. To learn the representation of KGs, entities and relations are projected in a low-dimensional vector space so that not only existing triples in the KG are preserved but also new triples can be predicted. Embedding models might learn a good representation of the input KG, but due to the nature of machine learning approaches, they often lose the semantics of entities and relations, which might lead to nonsensical predictions. To address this issue we propose to improve the accuracy of embeddings using ontological reasoning. More specifically, we present a novel iterative approach ReasonKGE that identifies dynamically via symbolic reasoning inconsistent predictions produced by a given embedding model and feeds them as negative samples for retraining this model.",exclu_E1_KG_completion,,
SV-08,survey,1,2021,"Cheng, Yang, Zhang, Sun",UniKER: A Unified Framework for Combining Embedding and Definite Horn Rule Reasoning for Knowledge Graph Inference,10.18653/v1/2021.emnlp-main.769,DeLong_2025,,non,,,,,,"Knowledge graph inference has been studied extensively due to its wide applications. It has been addressed by two lines of research, i.e., the more traditional logical rule reasoning and the more recent knowledge graph embedding (KGE). Several attempts have been made to combine KGE and logical rules for better knowledge graph inference. Unfortunately, they either simply treat logical rules as additional constraints into KGE loss or use probabilistic models to approximate the exact logical inference (i.e., MAX-SAT). Even worse, both approaches need to sample ground rules to tackle the scalability issue, as the total number of ground rules is intractable in practice, making them less effective in handling logical rules. In this paper, we propose a novel framework UniKER to address these challenges by restricting logical rules to be definite Horn rules, which can fully exploit the knowledge in logical rules and enable the mutual enhancement of logical rule-based reasoning and KGE in an extremely efficient way. Extensive experiments have demonstrated that our approach is superior to existing state-of-the-art algorithms in terms of both efficiency and effectiveness.",exclu_E1_KG_completion,,
SV-09,survey,1,2022,"Cheng, Liu, Wang, Sun",RLogic: Recursive Logical Rule Learning from Knowledge Graphs,10.1145/3534678.3539421,Cheng_2024,,non,,,,,,"Logical rules are widely used to represent domain knowledge and hypothesis, which is fundamental to symbolic reasoning-based human intelligence. Very recently, it has been demonstrated that integrating logical rules into regular learning tasks can further enhance learning performance in a label-efficient manner. Many attempts have been made to learn logical rules automatically from knowledge graphs (KGs). However, a majority of existing methods entirely rely on observed rule instances to define the score function for rule evaluation and thus lack generalization ability and suffer from severe computational inefficiency. Instead of completely relying on rule instances for rule evaluation, RLogic defines a predicate representation learning-based scoring model, which is trained by sampled rule instances. In addition, RLogic incorporates one of the most significant properties of logical rules, the deductive nature, into rule learning, which is critical especially when a rule lacks supporting evidence. To push deductive reasoning deeper into rule learning, RLogic breaks a big sequential model into small atomic models in a recursive way. Extensive experiments have demonstrated that RLogic is superior to existing state-of-the-art algorithms in terms of both efficiency and effectiveness.",exclu_E1_KG_reasoning,,
SV-10,survey,1,2023,"Cheng, Ahmed, Sun",Neural Compositional Rule Learning for Knowledge Graph Reasoning,10.48550/arxiv.2303.03581,Cheng_2024,,non,,,,,= BT-15,"Learning logical rules is critical to improving reasoning in KGs. This is due to their ability to provide logical and interpretable explanations when used for predictions, as well as their ability to generalize to other tasks, domains, and data. While recent methods have been proposed to learn logical rules, the majority of these methods are either restricted by their computational complexity and can not handle the large search space of large-scale KGs, or show poor generalization when exposed to data outside the training set. In this paper, we propose an end-to-end neural model for learning compositional logical rules called NCRL. NCRL detects the best compositional structure of a rule body, and breaks it into small compositions in order to infer the rule head. By recurrently merging compositions in the rule body with a recurrent attention unit, NCRL finally predicts a single rule head. Experimental results show that NCRL learns high-quality rules, as well as being generalizable. Specifically, we show that NCRL is scalable, efficient, and yields state-of-the-art results for knowledge graph completion on large-scale KGs. Moreover, we test NCRL for systematic generalization by learning to reason on small-scale observed graphs and evaluating on larger unseen ones.",exclu_E1_KG_reasoning,,
SV-11,survey,1,2020,"Iyer, Agarwal, Kumar",VeeAlign: A Supervised Deep Learning Approach to Ontology Alignment,,Portisch_2025,,oui,591; 604,exclude,,,"I4 echoue: VeeAlign = dual-attention DL pur pour ontology alignment. Pas de raisonnement symbolique actif. 100% neural (contexte multi-facettes, attention mechanism).","While deep learning approaches have shown promising results in Natural Language Processing and Computer Vision domains, they have not yet been able to achieve impressive results in Ontology Alignment, and have typically performed worse than rule-based approaches. Some of the major reasons for this are: a) poor modelling of context, b) overfitting of standard DL models, and c) dataset sparsity, caused by class imbalance of positive alignment pairs wrt negative pairs. To mitigate these limitations, we propose a dual-attention based approach that uses a multi-faceted context representation to compute contextualized representations of concepts, which is then used to discover semantically equivalent concepts.<br/>",inclus,exclu_I4,
SV-12,survey,1,2019,"Qu, Tang",Probabilistic Logic Neural Networks for Reasoning,10.48550/arxiv.1906.08495,DeLong_2025,,non,,,,,,"Knowledge graph reasoning, which aims at predicting the missing facts through reasoning with the observed facts, is critical to many applications. Such a problem has been widely explored by traditional logic rule-based approaches and recent knowledge graph embedding methods. A principled logic rule-based approach is the Markov Logic Network (MLN), which is able to leverage domain knowledge with first-order logic and meanwhile handle their uncertainty. However, the inference of MLNs is usually very difficult due to the complicated graph structures. Different from MLNs, knowledge graph embedding methods (e.g. TransE, DistMult) learn effective entity and relation embeddings for reasoning, which are much more effective and efficient. However, they are unable to leverage domain knowledge. In this paper, we propose the probabilistic Logic Neural Network (pLogicNet), which combines the advantages of both methods. A pLogicNet defines the joint distribution of all possible triplets by using a Markov logic network with first-order logic, which can be efficiently optimized with the variational EM algorithm. In the E-step, a knowledge graph embedding model is used for inferring the missing triplets, while in the M-step, the weights of logic rules are updated based on both the observed and predicted triplets. Experiments on multiple knowledge graphs prove the effectiveness of pLogicNet over many competitive baselines.",exclu_E6_hors_periode,,
SV-13,survey,1,2022,"Boschin, Jain, Keretchashvili, Suchanek",Combining Embeddings and Rules for Fact Prediction,10.4230/OASIcs.AIB.2022.4,DeLong_2025,,non,,,,,,"Embedding knowledge graphs (KGs) into continuous vector spaces is a focus of current research. Early works performed this task via simple models developed over KG triples. Recent attempts focused on either designing more complicated triple scoring models, or incorporating extra information beyond triples. This paper, by contrast, investigates the potential of using very simple constraints to improve KG embedding. We examine non-negativity constraints on entity representations and approximate entailment constraints on relation representations. The former help to learn compact and interpretable representations for entities. The latter further encode regularities of logical entailment between relations into their distributed representations. These constraints impose prior beliefs upon the structure of the embedding space, without negative impacts on efficiency or scalability. Evaluation on WordNet, Freebase, and DBpedia shows that our approach is simple yet surprisingly effective, significantly and consistently outperforming competitive baselines. The constraints imposed indeed improve model interpretability, leading to a substantially increased structuring of the embedding space. Code and data are available at https://github.com/iieir-km/ComplEx-NNE_AER.",exclu_E1_KG_completion,,
SV-14,survey,1,2020,"Minervini, Riedel, Stenetorp, Grefenstette",Learning Reasoning Strategies in End-to-End Differentiable Proving,10.3233/faia210359,Cheng_2024,,non,,,,,,"Attempts to render deep learning models interpretable, data-efficient, and robust have seen some success through hybridisation with rule-based systems, for example, in Neural Theorem Provers (NTPs). These neuro-symbolic models can induce interpretable rules and learn representations from data via back-propagation, while providing logical explanations for their predictions. However, they are restricted by their computational complexity, as they need to consider all possible proof paths for explaining a goal, thus rendering them unfit for large-scale applications. We present Conditional Theorem Provers (CTPs), an extension to NTPs that learns an optimal rule selection strategy via gradient-based optimisation. We show that CTPs are scalable and yield state-of-the-art results on the CLUTRR dataset, which tests systematic generalisation of neural models by learning to reason over smaller graphs and evaluating on larger ones. Finally, CTPs show better link prediction results on standard benchmarks in comparison with other neural-symbolic models, while being explainable. All source code and datasets are available online. (At https://github.com/uclnlp/ctp)",exclu_E1_pas_tache_matching,,
SV-15,survey,2,2023,"d'Avila Garcez, Lamb",Neurosymbolic AI: The 3rd Wave,10.1007/s10462-023-10448-w,DeLong_2025,,non,,,,,,"Current advances in Artificial Intelligence (AI) and Machine Learning have achieved unprecedented impact across research communities and industry. Nevertheless, concerns around trust, safety, interpretability and accountability of AI were raised by influential thinkers. Many identified the need for well-founded knowledge representation and reasoning to be integrated with deep learning and for sound explainability. Neurosymbolic computing has been an active area of research for many years seeking to bring together robust learning in neural networks with reasoning and explainability by offering symbolic representations for neural models. In this paper, we relate recent and early research in neurosymbolic AI with the objective of identifying the most important ingredients of neurosymbolic AI systems. We focus on research that integrates in a principled way neural network-based learning with symbolic knowledge representation and logical reasoning. Finally, this review identifies promising directions and challenges for the next decade of AI research from the perspective of neurosymbolic computing, commonsense reasoning and causal explanation.",exclu_E4_E5_position,exclu_E4_E5_position,
SV-16,survey,2,2020,"De Raedt, Dumančić, Manhaeve, Marra",From Statistical Relational to Neuro-Symbolic Artificial Intelligence,10.24963/ijcai.2020/688,Zhang_2024,,non,,,,,,Neuro-symbolic and statistical relational artificial intelligence both integrate frameworks for learning with logical reasoning. This survey identifies several parallels across seven different dimensions between these two fields. These cannot only be used to characterize and position neuro-symbolic artificial intelligence approaches but also to identify a number of directions for further research.,exclu_E5_survey,,
SV-17,survey,2,2017,"Besold, d'Avila Garcez, Bader, Bowman",Neural-Symbolic Learning and Reasoning: A Survey and Interpretation,10.48550/arxiv.1711.03902,Breit_2023,,non,,,,,,"The study and understanding of human behaviour is relevant to computer science, artificial intelligence, neural computation, cognitive science, philosophy, psychology, and several other areas. Presupposing cognition as basis of behaviour, among the most prominent tools in the modelling of behaviour are computational-logic systems, connectionist models of cognition, and models of uncertainty. Recent studies in cognitive science, artificial intelligence, and psychology have produced a number of cognitive models of reasoning, learning, and language that are underpinned by computation. In addition, efforts in computer science research have led to the development of cognitive computational systems integrating machine learning and automated reasoning. Such systems have shown promise in a range of applications, including computational biology, fault diagnosis, training and assessment in simulators, and software verification. This joint survey reviews the personal ideas and views of several researchers on neural-symbolic learning and reasoning. The article is organised in three parts: Firstly, we frame the scope and goals of neural-symbolic computation and have a look at the theoretical foundations. We then proceed to describe the realisations of neural-symbolic computation, systems, and applications. Finally we present the challenges facing the area and avenues for further research.",exclu_E6_hors_periode,,
SV-18,survey,2,2020,"Hitzler, Bianchi, Ebrahimi, Sarker",Neural-Symbolic Integration and the Semantic Web,10.3233/sw-190368,Breit_2023,,non,,,,,,"Symbolic Systems in Artificial Intelligence which are based on formal logic and deductive reasoning are fundamentally different from Artificial Intelligence systems based on artificial neural networks, such as deep learning approaches. The difference is not only in their inner workings and general approach, but also with respect to capabilities. Neural-symbolic Integration, as a field of study, aims to bridge between the two paradigms. In this paper, we will discuss neural-symbolic integration in its relation to the Semantic Web field, with a focus on promises and possible benefits for both, and report on some current research on the topic.",exclu_E4_position,,
SV-19,survey,2,2021,"Sarker, Zhou, Eberhart, Hitzler",Neuro-Symbolic Artificial Intelligence: Current Trends,10.3233/AIC-210084,Breit_2023,,non,,,,,= BT-20,"Neuro-Symbolic Artificial Intelligence – the combination of symbolic methods with methods that are based on artificial neural networks – has a long-standing history. In this article, we provide a structured overview of current trends, by means of categorizing recent publications from key conferences. The article is meant to serve as a convenient starting point for research on the general topic.",exclu_E5_survey,,
SV-20,survey,2,2022,"Hitzler, Eberhart, Ebrahimi, Sarker",Neuro-Symbolic Approaches in Artificial Intelligence,10.1093/nsr/nwac035,DeLong_2025,,non,,,,,= BT-19,artificial,exclu_E5_survey,exclu_E5_survey,
SV-21,survey,2,2016,"Serafini, d'Avila Garcez",Logic Tensor Networks: Deep Learning and Logical Reasoning from Data and Knowledge,10.48550/arxiv.1606.04422,Zhang_2024,,oui,412; 1063,exclude,,,,"We propose Logic Tensor Networks: a uniform framework for integrating automatic learning and reasoning. A logic formalism called Real Logic is defined on a first-order language whereby formulas have truth-value in the interval [0,1] and semantics defined concretely on the domain of real numbers. Logical constants are interpreted as feature vectors of real numbers. Real Logic promotes a well-founded integration of deductive reasoning on a knowledge-base and efficient data-driven relational machine learning. We show how Real Logic can be implemented in deep Tensor Neural Networks with the use of Google's tensorflow primitives. The paper concludes with experiments applying Logic Tensor Networks on a simple but representative example of knowledge completion.",exclu_E6_hors_periode,,
SV-22,survey,2,2020,"Lamb, Garcez, Gori, Prates",Graph Neural Networks Meet Neural-Symbolic Computing: A Survey and Perspective,10.24963/ijcai.2020/670,DeLong_2025,,non,,,,,,"With growing adoption of AI across fields such as healthcare, finance, and the justice system, explaining an AI decision has become more important than ever before. Development of human-centric explainable AI (XAI) systems necessitates an understanding of the requirements of the human-in-the-loop seeking the explanation. This includes the cognitive behavioral purpose that the explanation serves for its recipients, and the structure that the explanation uses to reach those ends. An understanding of the psychological foundations of explanations is thus vital for the development of effective human-centric XAI systems. Towards this end, we survey papers from the cognitive science literature that address the following broad questions: (1) what is an explanation, (2) what are explanations for, and 3) what are the characteristics of good and bad explanations. We organize the insights gained therein by means of highlighting the advantages and shortcomings of various explanation structures and theories, discuss their applicability across different domains, and analyze their utility to various types of humans-in-the-loop. We summarize the key takeaways for human-centric design of XAI systems, and recommend strategies to bridge the existing gap between XAI research and practical needs. We hope this work will spark the development of novel human-centric XAI systems.",exclu_E5_survey,,
SV-23,survey,2,2020,"Cropper, Dumančić, Muggleton",Turning 30: New Ideas in Inductive Logic Programming,10.24963/ijcai.2020/673,DeLong_2025,,non,,,,,,"Common criticisms of state-of-the-art machine learning include poor generalisation, a lack of interpretability, and a need for large amounts of training data. We survey recent work in inductive logic programming (ILP), a form of machine learning that induces logic programs from data, which has shown promise at addressing these limitations. We focus on new methods for learning recursive programs that generalise from few examples, a shift from using hand-crafted background knowledge to learning background knowledge, and the use of different technologies, notably answer set programming and neural networks. As ILP approaches 30, we also discuss directions for future research.",exclu_E5_survey,,
BT-01,backtracking,1,2021,"Chen, Hu, Jiménez-Ruiz, Horrocks",OWL2Vec*: Embedding of OWL Ontologies,10.1007/s10994-021-05997-6,,"286, 665",oui,143,include,"haute — cité par 3 articles inclus, OWL axioms + embeddings",,REVISE I4: HermiT OWL reasoner actif (TBox classification + ABox realization) avant random walks. Q1=1 Q2=1 Q3=1 Q4=0.5 Q5=1 Q6=0.5 Total=4.0 pass=oui. HeLiS/FoodOn/GO.,"Ontology alignment is integral to achieving semantic interoperability as the number of available ontologies covering intersecting domains is increasing. This paper proposes OWL2Vec4OA, an extension of the ontology embedding system OWL2Vec*. While OWL2Vec* has emerged as a powerful technique for ontology embedding, it currently lacks a mechanism to tailor the embedding to the ontology alignment task. OWL2Vec4OA incorporates edge confidence values from seed mappings to guide the random walk strategy. We present the theoretical foundations, implementation details, and experimental evaluation of our proposed extension, demonstrating its potential effectiveness for ontology alignment tasks.",inclus,inclus,BT01
BT-02,backtracking,1,2021,Racharak T.,Concept Similarity in DL ELH with Pretrained Word Embedding,10.1109/access.2021.3073730,,"169, 211",non,,,haute — article parent de 169 et 211,,I4 pass: DL ELH reasoner actif + word embeddings (BioWordVec). Q1=1 Q2=1 Q3=1 Q4=1 Q5=0.5 Q6=1 Total=4.5 pass=oui. Explication extraite pour chaque degre de similarite. SNOMED CT evaluation.,"Data-driven and knowledge-driven methods are two mainstream techniques in the pursuit of developing artificial intelligence systems. While data-driven methods seek to develop a decision model from observations in the real world, they are difficult to provide an explanation for the results in human terms. On the other hand, knowledge-driven methods that employ symbolic reasoning based on formal semantics of a knowledge-base are thus more interpretable and explainable, while lacking an ability to deal with incomplete modeling of the structured knowledge-bases. This work aims to tackle these issues on ontology similarity by proposing a general framework that combines the strengths of both approaches for measuring semantic similarity of concepts in a description logic (DL) ontology. More specifically, a neuro-symbolic integrated framework is defined to exploit the pre-trained word embeddings with semantic definitions in an ontology to yield an explainable degree of concept similarity. To demonstrate its applicability, we develop a concrete similarity measure <inline-formula xmlns:mml=""http://www.w3.org/1998/Math/MathML"" xmlns:xlink=""http://www.w3.org/1999/xlink""> <tex-math notation=""LaTeX"">$ {\textsf {sim}}_\epsilon $ </tex-math></inline-formula> conforming to the proposed framework and also introduce an efficient algorithm that can extract an explanation for why such a degree is indicated. The correctness is shown by analyzing theoretical properties that it guarantees to preserve and also by performing an empirical evaluation with a medical ontology SNOMED CT and a medical pre-trained embedding BioWordVec. The results show that our proposed method remains both interpretability and explainability while achieving comparable performance, relative to the state-of-the-art approaches in the data and knowledge-driven methods.",inclus,inclus,BT02
BT-03,backtracking,1,2021,"Qi, Zhang, Chen et al.",Unsupervised KG Alignment by Probabilistic Reasoning and Semantic Embedding,10.18653/v1/d19-1250,,"330, 1889, 58",non,,,"haute — cité par 3 articles inclus, raisonnement probabiliste + embeddings",,"I4 pass: PARIS (raisonnement probabiliste symbolique) + KG embeddings en boucle iterative. Comparable a FLORA rank1889. Q1=1 Q2=1 Q3=1 Q4=0.5 Q5=1 Q6=0.5 Total=4.5 pass=oui. Multiples datasets, Hits@k/MRR.","Fabio Petroni, Tim Rocktäschel, Sebastian Riedel, Patrick Lewis, Anton Bakhtin, Yuxiang Wu, Alexander Miller. Proceedings of the 2019 Conference on Empirical Methods in Natural Language Processing and the 9th International Joint Conference on Natural Language Processing (EMNLP-IJCNLP). 2019.",inclus,inclus,BT03
BT-04,backtracking,1,2021,"Chen, Jiménez-Ruiz, Horrocks, Antonyrajah",Augmenting Ontology Alignment by Semantic Embedding and Distant Supervision,10.1007/978-3-030-77385-4_23,,286,non,,,,,REVISE I4 (doublon idx0): LogMap/AML + Siamese NN. Q1=1 Q2=1 Q3=1 Q4=0.5 Q5=1 Q6=0.5 Total=4.5 pass=oui.,"Ontology alignment plays a critical role in knowledge integration and has been widely investigated in the past decades. State of the art systems, however, still have considerable room for performance improvement especially in dealing with new (industrial) alignment tasks. In this paper we present a machine learning based extension to traditional ontology alignment systems, using distant supervision for training, ontology embedding and Siamese Neural Networks for incorporating richer semantics. We have used the extension together with traditional systems such as LogMap and AML to align two food ontologies, HeLiS and FoodOn, and we found that the extension recalls many additional valid mappings and also avoids some false positive mappings. This is also verified by an evaluation on alignment tasks from the OAEI conference track.",inclus,inclus,SV01_dup
BT-05,backtracking,1,2022,"Kaoudi, Martinez Lorenzo, Markl",Towards Loosely-Coupling KG Embeddings and Ontology-based Reasoning,,,7 (survey DeLong_2025),non,,,,,= SV-06,"Knowledge graph completion (a.k.a.~link prediction), i.e.,~the task of inferring missing information from knowledge graphs, is a widely used task in many applications, such as product recommendation and question answering. The state-of-the-art approaches of knowledge graph embeddings and/or rule mining and reasoning are data-driven and, thus, solely based on the information the input knowledge graph contains. This leads to unsatisfactory prediction results which make such solutions inapplicable to crucial domains such as healthcare. To further enhance the accuracy of knowledge graph completion we propose to loosely-couple the data-driven power of knowledge graph embeddings with domain-specific reasoning stemming from experts or entailment regimes (e.g., OWL2). In this way, we not only enhance the prediction accuracy with domain knowledge that may not be included in the input knowledge graph but also allow users to plugin their own knowledge graph embedding and reasoning method. Our initial results show that we enhance the MRR accuracy of vanilla knowledge graph embeddings by up to 3x and outperform hybrid solutions that combine knowledge graph embeddings with rule mining and reasoning up to 3.5x MRR.",exclu_E1_KG_completion,,
BT-06,backtracking,1,2022,"Ji Q., Li W. et al.",Embedding-Based Approach to Repairing OWL Ontologies,10.3390/app122412655,,673,non,,,,,I4 pass: detection de conflits logiques OWL (symbolique) + embeddings daxiomes pour repair. Comparable a rank673. Q1=1 Q2=1 Q3=1 Q4=0.5 Q5=1 Q6=0.5 Total=4.0 pass=oui. 20 ontologies incoherentes reelles.,"Large Language Models (LLMs) have taken Knowledge Representation - and the world - by storm. This inflection point marks a shift from explicit knowledge representation to a renewed focus on the hybrid representation of both explicit knowledge and parametric knowledge. In this position paper, we will discuss some of the common debate points within the community on LLMs (parametric knowledge) and Knowledge Graphs (explicit knowledge) and speculate on opportunities and visions that the renewed focus brings, as well as related research topics and challenges.",inclus,inclus,BT06
BT-07,backtracking,1,2023,"Zhu, Liu, Yao et al.",TGR: Neural-Symbolic Ontological Reasoner for Domain Knowledge Graphs,10.1007/s10489-023-04834-8,,673,oui,127,exclude,haute — raisonneur ontologique NeSy,,I4 pass: OWL+SWRL compiles approximativement en reseaux neuronaux pour ABox reasoning. Q1=1 Q2=1 Q3=1 Q4=0.5 Q5=0.5 Q6=0.5 Total=4.0 pass=oui. 3 ontologies open-source. Comparaison reasoners classiques.,"Information extraction is a key activity for remote sensing images. A common distinction exists between knowledge-driven and data-driven methods. Knowledge-driven methods have advanced reasoning ability and interpretability, but have difficulty in handling complicated tasks since prior knowledge is usually limited when facing the highly complex spatial patterns and geoscience phenomena found in reality. Data-driven models, especially those emerging in machine learning (ML) and deep learning (DL), have achieved substantial progress in geoscience and remote sensing applications. Although DL models have powerful feature learning and representation capabilities, traditional DL has inherent problems including working as a black box and generally requiring a large number of labeled training data. The focus of this paper is on methods that integrate domain knowledge, such as geoscience knowledge and geoscience features (GK/GFs), into the design of DL models. The paper introduces the new paradigm of geoscience-aware deep learning (GADL), in which GK/GFs and DL models are combined deeply to extract information from remote sensing data. It first provides a comprehensive summary of GK/GFs used in GADL, which forms the basis for subsequent integration of GK/GFs with DL models. This is followed by a taxonomy of approaches for integrating GK/GFs with DL models. Several approaches are detailed using illustrative examples. Challenges and research prospects in GADL are then discussed. Developing more novel and advanced methods in GADL is expected to become the prevailing trend in advancing remotely sensed information extraction in the future.",inclus,inclus,BT07
BT-08,backtracking,1,2023,"Chen, He, Jiménez-Ruiz et al.",Contextual Semantic Embeddings for Ontology Subsumption Prediction,10.1007/s11280-023-01169-9,,665,non,,,,,I4 echoue: BERT predit la subsomption OWL mais raisonnement DL non actif dans l inference. Subsomption utilisee comme label d entrainement uniquement.,"Automating ontology construction and curation is an important but challenging task in knowledge engineering and artificial intelligence. Prediction by machine learning techniques such as contextual semantic embedding is a promising direction, but the relevant research is still preliminary especially for expressive ontologies in Web Ontology Language (OWL). In this paper, we present a new subsumption prediction method named BERTSubs for classes of OWL ontology. It exploits the pre-trained language model BERT to compute contextual embeddings of a class, where customized templates are proposed to incorporate the class context (e.g., neighbouring classes) and the logical existential restriction. BERTSubs is able to predict multiple kinds of subsumers including named classes from the same ontology or another ontology, and existential restrictions from the same ontology. Extensive evaluation on five real-world ontologies for three different subsumption tasks has shown the effectiveness of the templates and that BERTSubs can dramatically outperform the baselines that use (literal-aware) knowledge graph embeddings, non-contextual word embeddings and the state-of-the-art OWL ontology embeddings.",inclus,exclu_I4,
BT-09,backtracking,1,2023,"He, Chen, Jiménez-Ruiz et al.",Language Model Analysis for Ontology Subsumption Inference,10.18653/v1/2023.findings-acl.213,,665,non,,,,,"I4 echoue: probing de LMs sur subsomption OWL. Evaluation de capacites LM, pas de raisonnement symbolique actif. Tache = NLI-style probing.","Investigating whether pre-trained language models (LMs) can function as knowledge bases (KBs) has raised wide research interests recently. However, existing works focus on simple, triple-based, relational KBs, but omit more sophisticated, logic-based, conceptualised KBs such as OWL ontologies. To investigate an LM's knowledge of ontologies, we propose OntoLAMA, a set of inference-based probing tasks and datasets from ontology subsumption axioms involving both atomic and complex concepts. We conduct extensive experiments on ontologies of different domains and scales, and our results demonstrate that LMs encode relatively less background knowledge of Subsumption Inference (SI) than traditional Natural Language Inference (NLI) but can improve on SI significantly when a small number of samples are given. We will open-source our code and datasets.",inclus,exclu_I4,
BT-10,backtracking,1,2023,"Jackermeier, Chen, Horrocks",Box²EL: Concept and Role Box Embeddings for the Description Logic EL++,10.1145/3589334.3645648,,665,non,,,haute — DL EL++ + embeddings géométriques,,REVISE I4: Axiomes DL EL++ contraignent geometriquement lespace (soundness prouvee). Tache: approximating deductive reasoning. Q1=1 Q2=1 Q3=1 Q4=0.5 Q5=1 Q6=0.5 Total=4.0 pass=oui.,"OWL ontologies, whose formal semantics are rooted in Description Logic (DL), have been widely used for knowledge representation. Similar to Knowledge Graphs (KGs), ontologies are often incomplete, and maintaining and constructing them has proved challenging. While classical deductive reasoning algorithms use the precise formal semantics of an ontology to predict missing facts, recent years have witnessed growing interest in inductive reasoning techniques that can derive probable facts from an ontology. Similar to KGs, a promising approach is to learn ontology embeddings in a latent vector space, while additionally ensuring they adhere to the semantics of the underlying DL. While a variety of approaches have been proposed, current ontology embedding methods suffer from several shortcomings, especially that they all fail to faithfully model one-to-many, many-to-one, and many-to-many relations and role inclusion axioms. To address this problem and improve ontology completion performance, we propose a novel ontology embedding method named Box2EL for the DL EL++, which represents both concepts and roles as boxes (i.e., axis-aligned hyperrectangles), and models inter-concept relationships using a bumping mechanism. We theoretically prove the soundness of Box2EL and conduct an extensive experimental evaluation, achieving state-of-the-art results across a variety of datasets on the tasks of subsumption prediction, role assertion prediction, and approximating deductive reasoning.",inclus,inclus,BT10
BT-11,backtracking,1,2022,"Weizhuo Li, Qiu Ji, Songmao Zhang, Xuefeng Fu, Guilin Qi",Graph-Based Interactive Mapping Revision in DL-Lite,10.1016/j.eswa.2022.118598,,673,non,,,,,"I4 pass: DL-Lite reasoning actif (detection incoherence) + HITL interactif pour revision de mappings. Q1=1 Q2=1 Q3=1 Q4=1 Q5=0.5 Q6=0.5 Total=4.5 pass=oui. 16 alignements reels, efficacite +19%.","Discovering the semantic relationships among heterogeneous ontologies has been one of the core research topics in Semantic Web. As ontology matching systems inevitably adopt heuristic strategies, wrong mappings are often contained in final alignments. Most methods for mapping revision depend on dealing with logical incoherence. However, erroneous mappings that do not cause incoherence may be left out. Hence, manual validations with domain expertise are needed. We propose a novel graph-based method for interactive mapping revision, aiming to reduce the manual efforts as much as possible. DL-Lite ontologies and their mappings are encoded into an integrated graph. We define the decision space tailored for mapping revision to improve the efficiency of manual decision making. We implement our method and evaluate its efficiency by 16 alignments generated across real-world ontologies. Experimental results show that our proposed method can improve the efficiency by 19% on average.",inclus,inclus,BT11
BT-12,backtracking,1,2023,"Li Y., Lambrix P.",Repairing EL Ontologies Using Weakening and Completing,10.1007/978-3-031-33455-9_18,,673,non,,,,,I4 pass: EL reasoning symbolique actif (weakening + completing). Q1=1 Q2=1 Q3=0.5 Q4=0.5 Q5=0.5 Q6=1 Total=3.5 pass=oui. Premiers algorithmes pour repair combinant removing/weakening/completing.,"The quality of ontologies in terms of their correctness and completeness is crucial for developing high-quality ontology-based applications. Traditional debugging techniques repair ontologies by removing unwanted axioms, but may thereby remove consequences that are correct in the domain of the ontology. In this paper we propose an interactive approach to mitigate this for $\mathcal{EL}$ ontologies by axiom weakening and completing. We present algorithms for weakening and completing and present the first approach for repairing that takes into account removing, weakening and completing. We show different combination strategies, discuss the influence on the final ontologies and show experimental results. We show that previous work has only considered special cases and that there is a trade-off between the amount of validation work for a domain expert and the quality of the ontology in terms of correctness and completeness.",inclus,inclus,BT12
BT-13,backtracking,1,2023,"Yuan He, Jiaoyan Chen, Hang Dong, Ernesto Jimenez-Ruiz, Ali Hadian, Ian Horrocks",ML-Friendly Biomedical Datasets for Equivalence and Subsumption Ontology Matching,10.18653/v1/2023.emnlp-main.879,,665,non,,,,,"E3: benchmark/resource paper — introduit des datasets OM (Bio-ML OAEI 2022) mais ne propose pas de methode NeSy. Evalue des systemes existants (LogMap, BERTMap). Pas de methode algorithmique NeSy propre.","Ontology Matching (OM) plays an important role in many domains such as bioinformatics and the Semantic Web. Although the OAEI represents an impressive effort for systematic evaluation of OM systems, it still suffers from limitations including limited evaluation of subsumption mappings, suboptimal reference mappings, and limited support for ML-based systems. We introduce five new biomedical OM tasks involving ontologies from Mondo and UMLS, including both equivalence and subsumption matching. A comprehensive evaluation framework is proposed. Evaluation results for OM systems of different types are reported. All resources are publicly available as part of the Bio-ML track at OAEI 2022.",inclus,exclu_E3_resource_paper,BT13
BT-14,backtracking,1,2022,Mao X. et al.,"LightEA: Scalable, Interpretable Entity Alignment via Label Propagation",10.18653/v1/2022.emnlp-main.52,,58,non,,,,,"I4 echoue: LightEA = label propagation non-neural, algorithmique. Pas de composante neurale NeSy. Pas de raisonnement symbolique OWL/DL. Interpretabilite = propagation de labels, pas de logique formelle.","Entity Alignment (EA) aims to find equivalent entity pairs between KGs, which is the core step to bridging and integrating multi-source KGs. In this paper, we argue that existing complex EA methods inevitably inherit the inborn defects from their neural network lineage: poor interpretability and weak scalability. Inspired by recent studies, we reinvent the classical Label Propagation algorithm to effectively run on KGs and propose a neural-free EA framework — LightEA, consisting of three efficient components: (i) Random Orthogonal Label Generation, (ii) Three-view Label Propagation, and (iii) Sparse Sinkhorn Operation.According to the extensive experiments on public datasets, LightEA has impressive scalability, robustness, and interpretability. With a mere tenth of time consumption, LightEA achieves comparable results to state-of-the-art methods across all datasets and even surpasses them on many. Besides, due to the computational process of LightEA being entirely linear, we could trace the propagation process at each step and clearly explain how the entities are aligned.",inclus,exclu_I4,
BT-15,backtracking,1,2023,Cheng K. et al.,Neural Compositional Rule Learning for Knowledge Graph Reasoning,10.48550/arxiv.2303.03581,,58,non,,,,,= SV-10,"Learning logical rules is critical to improving reasoning in KGs. This is due to their ability to provide logical and interpretable explanations when used for predictions, as well as their ability to generalize to other tasks, domains, and data. While recent methods have been proposed to learn logical rules, the majority of these methods are either restricted by their computational complexity and can not handle the large search space of large-scale KGs, or show poor generalization when exposed to data outside the training set. In this paper, we propose an end-to-end neural model for learning compositional logical rules called NCRL. NCRL detects the best compositional structure of a rule body, and breaks it into small compositions in order to infer the rule head. By recurrently merging compositions in the rule body with a recurrent attention unit, NCRL finally predicts a single rule head. Experimental results show that NCRL learns high-quality rules, as well as being generalizable. Specifically, we show that NCRL is scalable, efficient, and yields state-of-the-art results for knowledge graph completion on large-scale KGs. Moreover, we test NCRL for systematic generalization by learning to reason on small-scale observed graphs and evaluating on larger unseen ones.",exclu_E1_KG_reasoning,,
BT-16,backtracking,1,2024,Xu C. et al.,NALA: Effective and Interpretable Entity Alignment,10.18653/v1/2024.findings-emnlp.806,,1889,non,,,,,I4 pass: Non-Axiomatic Logic (NAL) = logique symbolique formelle active dans l inference d alignement. Q1=1 Q2=1 Q3=1 Q4=1 Q5=1 Q6=0.5 Total=5.0 pass=oui. DBP15K Hits@1 0.98+. Chemins d inference logiques explicites.,"Entity alignment (EA) aims to find equivalent entities between two Knowledge Graphs.Existing embedding-based EA methods usually encode entities as embeddings, triples as embeddings' constraint and learn to align the embeddings.However, the details of the underlying logical inference steps among the alignment process are usually omitted, resulting in inadequate inference process.In this paper, we introduce NALA, an entity alignment method that captures three types of logical inference paths with Non-Axiomatic Logic (NAL).Type I&II align the entity pairs and type III aligns relations.NALA iteratively aligns entities and relations by integrating the conclusions of the inference paths.Our method is logically interpretable and extensible by introducing NAL, and thus suitable for various EA settings.Experimental results show that NALA outperforms state-of-the-art methods in terms of Hits@1, achieving 0.98+ on all three datasets of DBP15K with both supervised and unsupervised settings.We offer a pioneering in-depth analysis of the fundamental principles of entity alignment, approaching the subject from a unified and logical perspective.",inclus,inclus,BT16
BT-17,backtracking,2,2021,"Zhang J., Chen B. et al.","Neural, Symbolic and Neural-Symbolic Reasoning on Knowledge Graphs",10.1016/j.aiopen.2021.03.001,,121,non,,,,,= SV-05,"Knowledge graph reasoning is the fundamental component to support machine learning applications such as information extraction, information retrieval, and recommendation. Since knowledge graphs can be viewed as the discrete symbolic representations of knowledge, reasoning on knowledge graphs can naturally leverage the symbolic techniques. However, symbolic reasoning is intolerant of the ambiguous and noisy data. On the contrary, the recent advances of deep learning have promoted neural reasoning on knowledge graphs, which is robust to the ambiguous and noisy data, but lacks interpretability compared to symbolic reasoning. Considering the advantages and disadvantages of both methodologies, recent efforts have been made on combining the two reasoning methods. In this survey, we take a thorough look at the development of the symbolic, neural and hybrid reasoning on knowledge graphs. We survey two specific reasoning tasks — knowledge graph completion and question answering on knowledge graphs, and explain them in a unified reasoning framework. We also briefly discuss the future directions for knowledge graph reasoning.",exclu_E5_survey,,
BT-18,backtracking,2,2021,van Bekkum M. et al.,Modular Design Patterns for Hybrid Learning and Reasoning Systems,10.1007/s10489-021-02394-3,,121,non,,,,,,"Abstract The unification of statistical (data-driven) and symbolic (knowledge-driven) methods is widely recognized as one of the key challenges of modern AI. Recent years have seen a large number of publications on such hybrid neuro-symbolic AI systems. That rapidly growing literature is highly diverse, mostly empirical, and is lacking a unifying view of the large variety of these hybrid systems. In this paper, we analyze a large body of recent literature and we propose a set of modular design patterns for such hybrid, neuro-symbolic systems. We are able to describe the architecture of a very large number of hybrid systems by composing only a small set of elementary patterns as building blocks. The main contributions of this paper are: 1) a taxonomically organised vocabulary to describe both processes and data structures used in hybrid systems; 2) a set of 15+ design patterns for hybrid AI systems organized in a set of elementary patterns and a set of compositional patterns; 3) an application of these design patterns in two realistic use-cases for hybrid AI systems. Our patterns reveal similarities between systems that were not recognized until now. Finally, our design patterns extend and refine Kautz’s earlier attempt at categorizing neuro-symbolic architectures.",exclu_E4_E1,,
BT-19,backtracking,2,2022,Hitzler P. et al.,Neuro-Symbolic Approaches in Artificial Intelligence,10.1093/nsr/nwac035,,200,non,,,,,= SV-20,artificial,exclu_E5_survey,exclu_E5_survey,
BT-20,backtracking,2,2021,"Sarker M.K., Zhou, Eberhart, Hitzler",Neuro-Symbolic Artificial Intelligence: Current Trends,10.3233/AIC-210084,,200,non,,,,,= SV-19,"Neuro-Symbolic Artificial Intelligence – the combination of symbolic methods with methods that are based on artificial neural networks – has a long-standing history. In this article, we provide a structured overview of current trends, by means of categorizing recent publications from key conferences. The article is meant to serve as a convenient starting point for research on the general topic.",exclu_E5_survey,,
BT-21,backtracking,2,2022,"Wang W., Yang Y., Wu F.",Survey on Neuro-Symbolic Computing,10.1007/s10462-023-10448-w,,1170,non,,,,,,"Neural-symbolic computing (NeSy), which pursues the integration of the symbolic and statistical paradigms of cognition, has been an active research area of Artificial Intelligence (AI) for many years. As NeSy shows promise of reconciling the advantages of reasoning and interpretability of symbolic representation and robust learning in neural networks, it may serve as a catalyst for the next generation of AI. In the present paper, we provide a systematic overview of the recent developments and important contributions of NeSy research. First, we introduce study history of this area, covering early work and foundations. We further discuss background concepts and identify key driving factors behind the development of NeSy. Afterward, we categorize recent landmark approaches along several main characteristics that underline this research paradigm, including neural-symbolic integration, knowledge representation, knowledge embedding, and functionality. Next, we briefly discuss the successful application of modern NeSy approaches in several domains. Then, we benchmark several NeSy methods on three representative application tasks. Finally, we identify the open problems together with potential future research directions. This survey is expected to help new researchers enter this rapidly evolving field and accelerate the progress towards data-and knowledge-driven AI.",exclu_E5_survey,,
BT-22,backtracking,2,2023,"Sheth A., Roy K., Gaur M.","Neurosymbolic AI — Why, What, and How",10.48550/arxiv.2305.00813,,200,non,,,,,,"Humans interact with the environment using a combination of perception - transforming sensory inputs from their environment into symbols, and cognition - mapping symbols to knowledge about the environment for supporting abstraction, reasoning by analogy, and long-term planning. Human perception-inspired machine perception, in the context of AI, refers to large-scale pattern recognition from raw data using neural networks trained using self-supervised learning objectives such as next-word prediction or object recognition. On the other hand, machine cognition encompasses more complex computations, such as using knowledge of the environment to guide reasoning, analogy, and long-term planning. Humans can also control and explain their cognitive functions. This seems to require the retention of symbolic mappings from perception outputs to knowledge about their environment. For example, humans can follow and explain the guidelines and safety constraints driving their decision-making in safety-critical applications such as healthcare, criminal justice, and autonomous driving. This article introduces the rapidly emerging paradigm of Neurosymbolic AI combines neural networks and knowledge-guided symbolic approaches to create more capable and flexible AI systems. These systems have immense potential to advance both algorithm-level (e.g., abstraction, analogy, reasoning) and application-level (e.g., explainable and safety-constrained decision-making) capabilities of AI systems.",exclu_E4_position,,
BT-23,backtracking,2,2023,DeLong L.N. et al.,Neuro-Symbolic AI for Reasoning on Graph Structures: A Survey,10.1109/tnnls.2024.3420218,,121,non,,,,,,"Neurosymbolic artificial intelligence (AI) is an increasingly active area of research that combines symbolic reasoning methods with deep learning to leverage their complementary benefits. As knowledge graphs (KGs) are becoming a popular way to represent heterogeneous and multirelational data, methods for reasoning on graph structures have attempted to follow this neurosymbolic paradigm. Traditionally, such approaches have utilized either rule-based inference or generated representative numerical embeddings from which patterns could be extracted. However, several recent studies have attempted to bridge this dichotomy to generate models that facilitate interpretability, maintain competitive performance, and integrate expert knowledge. Therefore, we survey methods that perform neurosymbolic reasoning tasks on KGs and propose a novel taxonomy by which we can classify them. Specifically, we propose three major categories: 1) logically informed embedding approaches; 2) embedding approaches with logical constraints; and 3) rule-learning approaches. Alongside the taxonomy, we provide a tabular overview of the approaches and links to their source code, if available, for more direct comparison. Finally, we discuss the unique characteristics and limitations of these methods and then propose several prospective directions toward which this field of research could evolve.",exclu_E5_survey,,
BT-24,backtracking,2,2023,Ciravegna G. et al.,Logic Explained Networks,10.1016/j.artint.2022.103822,,211,non,,,,,I4 pass: FOL (First-Order Logic) active pour produire explications des reseaux neuronaux. Q1=1 Q2=1 Q3=1 Q4=1 Q5=1 Q6=0.5 Total=4.5 pass=oui. Formules FOL humainement comprehensibles. Comparaison decision trees/Bayesian rule lists.,"The large and still increasing popularity of deep learning clashes with a major limit of neural network architectures, that consists in their lack of capability in providing human-understandable motivations of their decisions. In situations in which the machine is expected to support the decision of human experts, providing a comprehensible explanation is a feature of crucial importance. The language used to communicate the explanations must be formal enough to be implementable in a machine and friendly enough to be understandable by a wide audience. In this paper, we propose a general approach to Explainable Artificial Intelligence in the case of neural architectures, showing how a mindful design of the networks leads to a family of interpretable deep learning models called Logic Explained Networks (LENs). LENs only require their inputs to be human-understandable predicates, and they provide explanations in terms of simple First-Order Logic (FOL) formulas involving such predicates. LENs are general enough to cover a large number of scenarios. Amongst them, we consider the case in which LENs are directly used as special classifiers with the capability of being explainable, or when they act as additional networks with the role of creating the conditions for making a black-box classifier explainable by FOL formulas. Despite supervised learning problems are mostly emphasized, we also show that LENs can learn and provide explanations in unsupervised learning settings. Experimental results on several datasets and tasks show that LENs may yield better classifications than established white-box models, such as decision trees and Bayesian rule lists, while providing more compact and meaningful explanations.",inclus,inclus,BT24
BT-25,backtracking,2,2024,Portisch J. et al.,Background Knowledge in Ontology Matching: A Survey,10.3233/sw-223085,,474,oui,56,survey,,,,"Ontology matching is an integral part for establishing semantic interoperability. One of the main challenges within the ontology matching operation is semantic heterogeneity, i.e. modeling differences between the two ontologies that are to be integrated. The semantics within most ontologies or schemas are, however, typically incomplete because they are designed within a certain context which is not explicitly modeled. Therefore, external background knowledge plays a major role in the task of (semi-) automated ontology and schema matching. In this survey, we introduce the reader to the general ontology matching problem. We review the background knowledge sources as well as the approaches applied to make use of external knowledge. Our survey covers all ontology matching systems that have been presented within the years 2004–2021 at a well-known ontology matching competition together with systematically selected publications in the research field. We present a classification system for external background knowledge, concept linking strategies, as well as for background knowledge exploitation approaches. We provide extensive examples and classify all ontology matching systems under review in a resource/strategy matrix obtained by coalescing the two classification systems. Lastly, we outline interesting and yet underexplored research directions of applying external knowledge within the ontology matching process.",exclu_E5_survey,,
BT-26,backtracking,2,2023,Zhapa-Camacho F. et al.,mOWL: Python Library for Machine Learning with Biomedical Ontologies,10.1093/bioinformatics/btac811,,665,non,,,,,mOWL = librairie Python (Applications Note). Pas d evaluation de tache matching propre. E5: type non retenu (outil logiciel/note applicative).,Supplementary data are available at Bioinformatics online.,inclus,exclu_E5_outil,
BT-27,backtracking,2,2024,Mileo A.,Towards a Neuro-Symbolic Cycle for Human-Centered Explainability,10.3233/nai-240740,,200,non,,,,,E4: position paper conceptuel sans evaluation empirique. Methodologie proposee mais non implementee ni evaluee. I4 conceptuellement present mais pas de systeme evalue.,"Today, data-to-text systems are used as commercial solutions for automated text production of large quantities of text. Therefore, they already represent a new technology of writing. This new technology requires the author, as an act of writing, both to configure a system that then takes over the transformation into a real text, but also to maintain strategies of traditional writing. What should an environment look like, where a human guides a machine to write texts? Based on a comparison of the NLG pipeline architecture with the results of the research on the human writing process, this paper attempts to take an overview of which tasks need to be solved and which strategies are necessary to produce good texts in this environment. From this synopsis, principles for the design of data-to-text systems as a functioning writing environment are then derived.",inclus,exclu_E4,
